address,lastTradeTime_EST,decimals,lastTradeUnixTime,liquidity,mc,name,symbol,v24hChangePercent,v24hUSD,token_link
ML6CUJc3PypAEMcbgM2CcnPzzbBSdBMSN6cwqCGzBEJ,2024-04-21 09:00:40-04:00,8.0,1713704440,7439.476133231716,11050.618345407993, HALAL Certified Token,HALAL,,4239564.005435392,https://birdeye.so/token/ML6CUJc3PypAEMcbgM2CcnPzzbBSdBMSN6cwqCGzBEJ
J6WCNje1rTb6tdJmpFMXCB2AvWfRHiDi6sC734tAJNDV,2024-04-21 08:45:10-04:00,8.0,1713703510,3736.388379262481,3078.0765921166926,Bonkid,BONKID,,3531847.5040005133,https://birdeye.so/token/J6WCNje1rTb6tdJmpFMXCB2AvWfRHiDi6sC734tAJNDV
J5ZrCJ3HbxHcHr2juhFHPBgJExiLUwHJH43L53zAFyJS,2024-04-21 08:41:11-04:00,8.0,1713703271,3009.0699345011326,1975.06846107594,Ten Cents,LIBERTY,,3341055.5727904732,https://birdeye.so/token/J5ZrCJ3HbxHcHr2juhFHPBgJExiLUwHJH43L53zAFyJS
A5vM2zSVextRGfktZ6XiD6kxK8g26cx4Lq7a3389UktP,2024-04-21 09:02:02-04:00,6.0,1713704522,6639.801369007457,8165.485980319701,ELONWIFBLUNT,BLUNT,,2669742.4100151486,https://birdeye.so/token/A5vM2zSVextRGfktZ6XiD6kxK8g26cx4Lq7a3389UktP
42zH2WENMrDMxUHDj9eou8HjkRVes29MwG7muSDmRbzf,2024-04-21 08:52:37-04:00,6.0,1713703957,8491.335300798997,5901.1846862397,unicorn cat,UNICAT,,1115743.5637247632,https://birdeye.so/token/42zH2WENMrDMxUHDj9eou8HjkRVes29MwG7muSDmRbzf
Hkj1qpL5ooFG31RcHMHkQbQFEaujE8ALAoEHt5yKK5dh,2024-04-21 08:56:52-04:00,6.0,1713704212,3342.943627477866,4131.860350464982,MCrijuana,MCWEED,,1110505.2851666538,https://birdeye.so/token/Hkj1qpL5ooFG31RcHMHkQbQFEaujE8ALAoEHt5yKK5dh
HFDCzifMk9wPv1cavPLFwjZPMAdJD72rZoRPoEGPqqSs,2024-04-21 09:01:34-04:00,6.0,1713704494,4011.306285593406,15629.329419379636,DORK QUEEN,DORKQ,,991361.38062859,https://birdeye.so/token/HFDCzifMk9wPv1cavPLFwjZPMAdJD72rZoRPoEGPqqSs
FsNhHyVtbeWRmFMixyzRi34vpto1eHWRPnRLsuNYHLKt,2024-04-21 08:57:02-04:00,6.0,1713704222,11430.644087387174,10687.227755727748,The Greatest Of All Time,GOAT,,972443.0472282814,https://birdeye.so/token/FsNhHyVtbeWRmFMixyzRi34vpto1eHWRPnRLsuNYHLKt
7XJiwLDrjzxDYdZipnJXzpr1iDTmK55XixSFAa7JgNEL,2024-04-21 08:58:52-04:00,6.0,1713704332,4603.00809762172,4099.59092395233,360noscope420blazeit,MLG,,945847.7791299596,https://birdeye.so/token/7XJiwLDrjzxDYdZipnJXzpr1iDTmK55XixSFAa7JgNEL
YZdScY6yT26xNJPBoi9BL1WjZqYAScr39MmPeZmQRe7,2024-04-21 08:23:49-04:00,8.0,1713702229,2160.268590585768,1275.594079716647,Degen Apeing,$DAPE,,944575.8088607872,https://birdeye.so/token/YZdScY6yT26xNJPBoi9BL1WjZqYAScr39MmPeZmQRe7
ABsS3oGRmP123c49PVp9gaN9frmzqGv6E9AYL2mJDRc,2024-04-21 08:58:58-04:00,6.0,1713704338,10276.42732517789,9431.752183080293,Rage Cat,RAGE,,929213.83100147,https://birdeye.so/token/ABsS3oGRmP123c49PVp9gaN9frmzqGv6E9AYL2mJDRc
49rZGawnSxuCaY61gMMEweABjNvPzwW62Av7R23fJ3CU,2024-04-21 09:01:06-04:00,9.0,1713704466,4548.472491954231,6681.0627560662615,boof,BOOF,,742335.4986476087,https://birdeye.so/token/49rZGawnSxuCaY61gMMEweABjNvPzwW62Av7R23fJ3CU
EbwaqU5RKbLXDHSaUTFAtKBhZvikxDtuCsuvx7Gedg6F,2024-04-21 08:11:27-04:00,6.0,1713701487,2838.9399130246047,2320.476104651097,DogWifBong,BONG,,736558.9440280771,https://birdeye.so/token/EbwaqU5RKbLXDHSaUTFAtKBhZvikxDtuCsuvx7Gedg6F
ExL72PREwYg2qB5dohc9w3ZQt5pyVzoXpWSbjroz4LFk,2024-04-21 09:01:39-04:00,6.0,1713704499,4286.938801558183,5180.8469543913925,SCHR√ñDINGER'S CAT,$SDCAT,,671959.2159456487,https://birdeye.so/token/ExL72PREwYg2qB5dohc9w3ZQt5pyVzoXpWSbjroz4LFk
BPduVfvucinVoaAeBsTRLt7TbaVH2xULrwusGXTNo2c2,2024-04-21 08:46:35-04:00,6.0,1713703595,8886.811851188353,7439.519754086989,Fwends,FWENDS,,616208.396198751,https://birdeye.so/token/BPduVfvucinVoaAeBsTRLt7TbaVH2xULrwusGXTNo2c2
Eb54AAR6zSN18WLQWopeR5mDkseynLtrTrT2dVh2Jjzg,2024-04-21 08:51:02-04:00,6.0,1713703862,10011.673622308874,9414.071864504956,Book of Weed,BOW,,560203.6098301129,https://birdeye.so/token/Eb54AAR6zSN18WLQWopeR5mDkseynLtrTrT2dVh2Jjzg
2Z4uRExQo8sULNJ2ZckYe98VVAVDUTDXojfSdUTfCSYR,2024-04-21 08:52:01-04:00,6.0,1713703921,6438.190299122976,4046.6594998708183,Gengz Kan,GENGZ,,437656.7851999887,https://birdeye.so/token/2Z4uRExQo8sULNJ2ZckYe98VVAVDUTDXojfSdUTfCSYR
J4MQRudyTuS4pN3Ff7PWuQPDjinVmQ7duhARaGaXt5Xx,2024-04-21 08:50:22-04:00,6.0,1713703822,2228.55377544108,1540.076001013039,RETOOT,RETOOT,,432560.1744503606,https://birdeye.so/token/J4MQRudyTuS4pN3Ff7PWuQPDjinVmQ7duhARaGaXt5Xx
GbCFL8ozFPTMxyX41BDTG2qjPmAdtEGxC46FqM8zyCHG,2024-04-21 08:37:41-04:00,6.0,1713703061,6632.197635376066,4142.025290853285,cait wif hat,cait,,432224.0073950224,https://birdeye.so/token/GbCFL8ozFPTMxyX41BDTG2qjPmAdtEGxC46FqM8zyCHG
31746eowiRx5zxkGtsZbEp1RVeH6WauEAiFfhBb9L29n,2024-04-21 08:46:13-04:00,6.0,1713703573,7548.595103551523,5418.748491000311,Gojo Cat,GOJO,,425133.2049363384,https://birdeye.so/token/31746eowiRx5zxkGtsZbEp1RVeH6WauEAiFfhBb9L29n
AErYtsmdBXoruzZmE3yBJvejfrdX7jxFkjQZSbrsN8C6,2024-04-21 08:13:01-04:00,6.0,1713701581,6142.30087731885,3684.28379039885,Baked Elawn,BKDELAWN,,416240.93892809295,https://birdeye.so/token/AErYtsmdBXoruzZmE3yBJvejfrdX7jxFkjQZSbrsN8C6
6S3oLWjX99M39YgRzN6PM4NvpunA1ggS9ztTdDpeZm3f,2024-04-21 08:40:27-04:00,6.0,1713703227,6744.74358083378,4392.3279529970605,weed cat fur20,fur20,,412385.1897967317,https://birdeye.so/token/6S3oLWjX99M39YgRzN6PM4NvpunA1ggS9ztTdDpeZm3f
5E9c1zz3AS1j1guN4LyQkdLNFdWqWbSu7YBQ1kHMT2wp,2024-04-21 09:02:01-04:00,6.0,1713704521,6921.9219577245,12704.002891401911,wagmi,WAGMI,,410809.42666588794,https://birdeye.so/token/5E9c1zz3AS1j1guN4LyQkdLNFdWqWbSu7YBQ1kHMT2wp
eCLGyi1xBV6RQwY61WYE5HdsQ38MSFp4C9HrnBXL5Qt,2024-04-21 09:00:15-04:00,6.0,1713704415,2954.484481773061,4216.561047068451,Xi Jenpeng,$JENPENG,,384836.5419943973,https://birdeye.so/token/eCLGyi1xBV6RQwY61WYE5HdsQ38MSFp4C9HrnBXL5Qt
9SAwXfc8tZyjK8pbVzdRhAAqUwH8er58KmcKdkPo1Y2M,2024-04-21 08:56:55-04:00,6.0,1713704215,13680.390270030486,18365.86469689769,Boinence,BENB,,332638.6865477095,https://birdeye.so/token/9SAwXfc8tZyjK8pbVzdRhAAqUwH8er58KmcKdkPo1Y2M
85Jq9xxTm8xVsgT53KRPfX5JqMFEdY9xape9ujdxs9oZ,2024-04-21 09:01:04-04:00,6.0,1713704464,7341.993391812213,5408.456256490984,Chabba,Chabba,,305635.7376466511,https://birdeye.so/token/85Jq9xxTm8xVsgT53KRPfX5JqMFEdY9xape9ujdxs9oZ
hbQizW3xfVsUb1Xiqs8AKhFr7fGoqyLWR34NfAE5fEa,2024-04-21 08:28:37-04:00,8.0,1713702517,2530.387755924746,2147.568477046787,Bonkid,BONKID,,302757.3243290898,https://birdeye.so/token/hbQizW3xfVsUb1Xiqs8AKhFr7fGoqyLWR34NfAE5fEa
6x7oLKvLWeqCqpMYF48vCtxKfom4pJgAQRt6f4vzU7Nv,2024-04-21 08:38:13-04:00,6.0,1713703093,5534.232774588168,3078.7731389259047,Potify,POTIFY,,299022.58864046563,https://birdeye.so/token/6x7oLKvLWeqCqpMYF48vCtxKfom4pJgAQRt6f4vzU7Nv
5hh9G4yyHAkgRoBhAuypg3njckEULUmV197LWycugyJc,2024-04-21 09:00:41-04:00,6.0,1713704441,13715.529291635732,18446.33761893346,$max,max,,294029.27204017213,https://birdeye.so/token/5hh9G4yyHAkgRoBhAuypg3njckEULUmV197LWycugyJc
GcLZ2RHMPD4cYFuKKXJAFVxRCDJX3pQDnwYszwke7t1A,2024-04-21 09:02:15-04:00,9.0,1713704535,3957.1625260844025,5447.7621763952775,ENDY,Endy,,293327.89392450824,https://birdeye.so/token/GcLZ2RHMPD4cYFuKKXJAFVxRCDJX3pQDnwYszwke7t1A
7VEqMtsR2bRFU3g5cMTHuCYHdR6x1cwoVfoQ1uenJVqs,2024-04-21 08:57:24-04:00,6.0,1713704244,6460.945062898909,4177.05244726352,GUMMYWORM,GUMMYWORM,,275905.2366306472,https://birdeye.so/token/7VEqMtsR2bRFU3g5cMTHuCYHdR6x1cwoVfoQ1uenJVqs
G2xo4VXJcwr8jsvxeMvVsvz3yEYaGqmAkA2TdwomvU1L,2024-04-21 08:52:23-04:00,6.0,1713703943,5431.512263939766,4919.430877277033,YMMUG,YMMUG,,262548.16578926245,https://birdeye.so/token/G2xo4VXJcwr8jsvxeMvVsvz3yEYaGqmAkA2TdwomvU1L
7ffamBcanEcTiExcLzLgi4nBLWt2EgSscs4mm2C4914v,2024-04-21 09:02:10-04:00,8.0,1713704530,2164.608722560345,1176.4310507356552,Golden Octopus Dog,GOD,,256156.6965644994,https://birdeye.so/token/7ffamBcanEcTiExcLzLgi4nBLWt2EgSscs4mm2C4914v
DbDab6qBjqZSmVCvFKKdgquqmnDkpBC9kmajj7NQCkB9,2024-04-21 08:20:17-04:00,6.0,1713702017,6339.974508029594,3958.1111187970296,SHIBA WEED INU,WEENU,,242578.82357137016,https://birdeye.so/token/DbDab6qBjqZSmVCvFKKdgquqmnDkpBC9kmajj7NQCkB9
6z277wHLGPxEcLHD58x3uwx5Vk5JgJ54o8AxpeMQzbyE,2024-04-21 09:02:00-04:00,6.0,1713704520,7272.660359445441,5207.641791161873,mistor ponk ,mrponk,,230639.03921557195,https://birdeye.so/token/6z277wHLGPxEcLHD58x3uwx5Vk5JgJ54o8AxpeMQzbyE
rijDYuSn636ooBfJVRgWzgz2g8VKG72YXXoeLpYUCSo,2024-04-21 08:41:07-04:00,6.0,1713703267,5814.659587255327,3505.224546330532,GUMMY,GUMMY,,229580.13646300283,https://birdeye.so/token/rijDYuSn636ooBfJVRgWzgz2g8VKG72YXXoeLpYUCSo
3qtSYhKmVJob7AUExdh8zeFjW36fHwUeJ81LyfV3FpV8,2024-04-21 09:00:11-04:00,9.0,1713704411,2145.425344089402,2583.503204274073,·ó™OGE ·í™O·ñá·ó™,DOGEL,,228973.01893026897,https://birdeye.so/token/3qtSYhKmVJob7AUExdh8zeFjW36fHwUeJ81LyfV3FpV8
22tGJUmdZBvKs1vseTaBUu78csTimfyHJ7bhg1RekJmJ,2024-04-21 09:01:26-04:00,9.0,1713704486,2138.127024575094,2691.263487432186,FLO·ñáK ·í™O·ñá·ó™,FLORKL,,228328.1169098405,https://birdeye.so/token/22tGJUmdZBvKs1vseTaBUu78csTimfyHJ7bhg1RekJmJ
H5DTNEegTedj4SJDkpVDhkJ7FayqBdmdJ591U37HzJXV,2024-04-21 09:01:36-04:00,6.0,1713704496,13618.788784058195,18010.443806567462,Elizbuth Teh II,LIZZY,,224106.79634329345,https://birdeye.so/token/H5DTNEegTedj4SJDkpVDhkJ7FayqBdmdJ591U37HzJXV
3CfteX2Zhsqcm26qoKKS7uU7Ew3w8PR8kies8MSRf2UD,2024-04-21 08:32:50-04:00,9.0,1713702770,3424.077699834387,2733.370836128643,BENKSY,BENKSY,,219448.4539759485,https://birdeye.so/token/3CfteX2Zhsqcm26qoKKS7uU7Ew3w8PR8kies8MSRf2UD
4pwTCm1nVhLLWsGa1FhCyQVByAETypgjdHqdvqKna3g8,2024-04-21 08:38:55-04:00,6.0,1713703135,5714.711761342416,10275.714844028786,Brad Bit,BIT,,215361.2863356345,https://birdeye.so/token/4pwTCm1nVhLLWsGa1FhCyQVByAETypgjdHqdvqKna3g8
Fm8siwvun4986MdfyCsdPXhYm6NjAmChzFSTLKdQudaQ,2024-04-21 08:50:38-04:00,6.0,1713703838,2247.7267080880383,1696.8840051563284,ScoobyDoobie,DOOBIE,,212894.49615041597,https://birdeye.so/token/Fm8siwvun4986MdfyCsdPXhYm6NjAmChzFSTLKdQudaQ
Gud7Z8Y2vPBZBmsDeFVmu6XJm4967JTcTXU49PhfsFak,2024-04-21 09:01:21-04:00,6.0,1713704481,11560.879626833448,13093.816603296218,Supepeme,SUP,,202107.34350303977,https://birdeye.so/token/Gud7Z8Y2vPBZBmsDeFVmu6XJm4967JTcTXU49PhfsFak
3NotQ2nQGhT2AyqT8hhHF5r2qj6EmNGGVZAj3StKZ67x,2024-04-21 09:02:16-04:00,6.0,1713704536,4048.725761133504,17864.755211526754,Gummy Cat,$GUMCAT,,187997.6699976828,https://birdeye.so/token/3NotQ2nQGhT2AyqT8hhHF5r2qj6EmNGGVZAj3StKZ67x
7dPXJd2TcLYAk3N8kLoNwztJ1HySu43K4SWqEPUK17WQ,2024-04-21 08:50:21-04:00,6.0,1713703821,2469.394467756434,1912.847571387334,POPPY,POPPY,,186140.1168728045,https://birdeye.so/token/7dPXJd2TcLYAk3N8kLoNwztJ1HySu43K4SWqEPUK17WQ
CJEivoP5Q3YE9cYfwhExNkJfYq2zzrhGAJMMLRAnBmZd,2024-04-21 08:59:19-04:00,4.0,1713704359,6321.065973005145,12790.490900727533,catwifcar,catwifcar,,181371.66157154983,https://birdeye.so/token/CJEivoP5Q3YE9cYfwhExNkJfYq2zzrhGAJMMLRAnBmZd
BdZniBqGGrfnyD3yHcorFBZrMyxBAhP61p1gyZk829PY,2024-04-21 08:42:00-04:00,6.0,1713703320,5798.5514215880285,3378.6030915756933,Chronic the Hemp Hog,HEMP,,181314.2412992943,https://birdeye.so/token/BdZniBqGGrfnyD3yHcorFBZrMyxBAhP61p1gyZk829PY
B1b9odj7scwbgYAqDeDbyTuVaf3URMSAYPb1q3Jkygji,2024-04-21 08:57:33-04:00,6.0,1713704253,5475.801770466964,3025.869722183874,ChuChu The Dog,CHUCHU,,180660.32563180104,https://birdeye.so/token/B1b9odj7scwbgYAqDeDbyTuVaf3URMSAYPb1q3Jkygji
4ECa2CaPcoVS4V3azTCejtimaoswvm8DDWGF4FLmozLR,2024-04-21 09:01:40-04:00,6.0,1713704500,2473.723902185987,1956.8100828645836,Bird Dog,BIRDD,,175086.54351968662,https://birdeye.so/token/4ECa2CaPcoVS4V3azTCejtimaoswvm8DDWGF4FLmozLR
494xMkFGfMdd5rXzYKAbEKJAUK1REVuH4zJizwvoHCwt,2024-04-21 09:02:04-04:00,6.0,1713704524,14202.816071001638,18351.666114423133,Jawn MaCafe,WHACKD,,153072.75791734632,https://birdeye.so/token/494xMkFGfMdd5rXzYKAbEKJAUK1REVuH4zJizwvoHCwt
2b7RGihDMUqLyY5jCniQF2dLsBNndTrurD3TkRgAd8nF,2024-04-21 08:29:06-04:00,9.0,1713702546,7517.149692573558,12507.925211259684,Jeo Highden,HIGHDEN,,150580.87997039047,https://birdeye.so/token/2b7RGihDMUqLyY5jCniQF2dLsBNndTrurD3TkRgAd8nF
6VquR14auARfkMD3Xzb91GuSP3YPruT7kssWCem5Y8nh,2024-04-21 08:47:51-04:00,6.0,1713703671,2826.361807824732,2110.292578325121,Piano Yasin,SPACEX,,147204.43357879226,https://birdeye.so/token/6VquR14auARfkMD3Xzb91GuSP3YPruT7kssWCem5Y8nh
Gvp3snjf83GxWGbbaCnr2oxabAse9Y9C7qKnmpELz7N8,2024-04-21 08:34:49-04:00,9.0,1713702889,2434.620434226694,1842.026143802007,Book of Gummy,BOG,,146015.91918998427,https://birdeye.so/token/Gvp3snjf83GxWGbbaCnr2oxabAse9Y9C7qKnmpELz7N8
3WzcGdbSCbs8Y2UKy7gYv3epvHgj8Xi99yfKtBmtczaR,2024-04-21 08:45:13-04:00,9.0,1713703513,8259.862513518505,14824.668517766911,DONT SHARE PLEASE,369,,145195.74757831093,https://birdeye.so/token/3WzcGdbSCbs8Y2UKy7gYv3epvHgj8Xi99yfKtBmtczaR
8EAHC13yTmwYFtazFsmiuvvXTGUMsYxzSUXGzYeZE984,2024-04-21 08:34:09-04:00,9.0,1713702849,2518.5847444215633,1731.5133674200054,Chooch and Cheng,CHONG,,137579.19630981248,https://birdeye.so/token/8EAHC13yTmwYFtazFsmiuvvXTGUMsYxzSUXGzYeZE984
5xCrCQaiVWkRL7qsUxPBw56ZpbUXPxwshG7nbzVFuAz,2024-04-21 08:40:01-04:00,6.0,1713703201,7603.90133465858,5119.0068499615145,Get Money Nigga,$miles,,136528.9715518753,https://birdeye.so/token/5xCrCQaiVWkRL7qsUxPBw56ZpbUXPxwshG7nbzVFuAz
Bp4SPmLKEbNF1UhnHjHmg2iuuDtafREM5aEz4gtU2aGW,2024-04-21 08:59:56-04:00,6.0,1713704396,7213.870665314873,5054.695031577472,baa,baa,,136253.59533094,https://birdeye.so/token/Bp4SPmLKEbNF1UhnHjHmg2iuuDtafREM5aEz4gtU2aGW
HbYxhNYbLeMRPdin3QZvp7ca5HeEZXJNXAskvVjg6Aea,2024-04-21 09:01:41-04:00,3.0,1713704501,23671.97663313759,14521.782363448072,üëª PESU THE PEPE SOUL,PESU,,136123.49229906377,https://birdeye.so/token/HbYxhNYbLeMRPdin3QZvp7ca5HeEZXJNXAskvVjg6Aea
9irAyMcsQSemhFiiSCZi6gFyQVsSWCKZgQT4MFd3ocdV,2024-04-21 08:53:23-04:00,6.0,1713704003,6001.192290023664,3543.5371136602957,tha offc,offc,,131134.34084712685,https://birdeye.so/token/9irAyMcsQSemhFiiSCZi6gFyQVsSWCKZgQT4MFd3ocdV
B6UApdzt3uCpmJeuv5GNXYgYkLckh1kZRp7oBAjbEpZS,2024-04-21 09:00:44-04:00,6.0,1713704444,2233.973483010465,3242.6942288660252,MARU,MARU,,128327.8330554124,https://birdeye.so/token/B6UApdzt3uCpmJeuv5GNXYgYkLckh1kZRp7oBAjbEpZS
56eiB6CQFjSmDEiQLZTjXiaHNqXLNKhpB54FTizcW3Q,2024-04-21 08:58:51-04:00,6.0,1713704331,8431.328058633624,7039.5129400407095,Yoo-Gy-Ooh,YGO,,127915.14004460764,https://birdeye.so/token/56eiB6CQFjSmDEiQLZTjXiaHNqXLNKhpB54FTizcW3Q
Fg43khi4qU91hscyHKH9GRey4hJcP2TgNmyfYTAP4p5i,2024-04-21 08:40:03-04:00,6.0,1713703203,2119.1513680307535,1412.6403243913996,The Highest Community,THC,,125559.79036937543,https://birdeye.so/token/Fg43khi4qU91hscyHKH9GRey4hJcP2TgNmyfYTAP4p5i
5p8JtJ9gaSpgjDr78bUSvaBmQj7pQCFx5Agu7Xhqag9o,2024-04-21 08:53:48-04:00,6.0,1713704028,4250.342311976579,2933.7733547446546,Evil Netanyahu,NYAHU,,124259.66361610129,https://birdeye.so/token/5p8JtJ9gaSpgjDr78bUSvaBmQj7pQCFx5Agu7Xhqag9o
Fd31Yp3okAJTBveY4D7rTyKvBg8vQZvttpeJxZx2hzo8,2024-04-21 08:42:27-04:00,9.0,1713703347,2212.5160327533868,1640.5713173189051,Boden420,BODEN420,,116277.78839592866,https://birdeye.so/token/Fd31Yp3okAJTBveY4D7rTyKvBg8vQZvttpeJxZx2hzo8
7HRFfxJdgQJTYghgve416fqDRVXUEJ72pbuF9bPBPXbA,2024-04-21 08:59:00-04:00,6.0,1713704340,7653.719196324148,5958.443381378872,DONKEH,DONKEH,,114616.0320439814,https://birdeye.so/token/7HRFfxJdgQJTYghgve416fqDRVXUEJ72pbuF9bPBPXbA
4fdzmFns1pCD63Hx2deXTMi6Kjjw1nnbw6wnKN6GedYk,2024-04-21 08:55:41-04:00,6.0,1713704141,2078.638034996587,2672.312785922785,CAT WIF WEED,CATWIFWEED,,113588.998806461,https://birdeye.so/token/4fdzmFns1pCD63Hx2deXTMi6Kjjw1nnbw6wnKN6GedYk
9HAotk75rPC3T9e57H2oKYg8rDVQpoEvuzqCRNURwwNP,2024-04-21 08:53:13-04:00,6.0,1713703993,7588.057358751243,5280.301398038509,rub,rub,,108806.516613504,https://birdeye.so/token/9HAotk75rPC3T9e57H2oKYg8rDVQpoEvuzqCRNURwwNP
8So3va8C1fcTPfHyHQ9Jovt5zAYWm9iFZYaUcbR8y5TD,2024-04-21 08:21:15-04:00,6.0,1713702075,4303.295348527872,6101.996615434688,SnoopWifBlunt,BLUNT,,103047.959814557,https://birdeye.so/token/8So3va8C1fcTPfHyHQ9Jovt5zAYWm9iFZYaUcbR8y5TD
6c4jH86pPjsPh2f4CbKdp5SKjSdoxph2GbPToL6QWhGh,2024-04-21 08:50:43-04:00,9.0,1713703843,18753.81565733384,17027.619961105793,Boden Wif Helmet,BIKE,,100781.91011921348,https://birdeye.so/token/6c4jH86pPjsPh2f4CbKdp5SKjSdoxph2GbPToL6QWhGh
ELPLmZmd6n29gxNotj1wexMCg6CNWLds3y7TuwPCS1SC,2024-04-21 08:59:30-04:00,9.0,1713704370,8067.238858069428,12985.62696746857,Irony Cat,IRONY,,100367.71225466472,https://birdeye.so/token/ELPLmZmd6n29gxNotj1wexMCg6CNWLds3y7TuwPCS1SC
8CmkangC389rEqALNTvN3Yns1HZQbSfDw6kD8rwZuYN,2024-04-21 08:55:48-04:00,9.0,1713704148,4602.4588194237695,5367.214267941836,Book Of Cats,BOCAT,,97507.38919816536,https://birdeye.so/token/8CmkangC389rEqALNTvN3Yns1HZQbSfDw6kD8rwZuYN
5jNXaeBXeBpNVJoMgmENuahHXA4vQfwaKBMYKHA2YY1i,2024-04-21 08:40:18-04:00,9.0,1713703218,2587.1984849636347,1663.2592197431677,Pineapple Express,THC,,93244.12057919812,https://birdeye.so/token/5jNXaeBXeBpNVJoMgmENuahHXA4vQfwaKBMYKHA2YY1i
CWAEFdDRsvpvM3CWBkrxcv9s1ZhyBYS929gwetxRX8vG,2024-04-21 08:21:42-04:00,9.0,1713702102,2535.1308641784,1824.824780218393,UNITED STONERS OF AMERICA,USA,,92561.2305731211,https://birdeye.so/token/CWAEFdDRsvpvM3CWBkrxcv9s1ZhyBYS929gwetxRX8vG
FE6yx22fTkrYP4k3CJvAw5hhbc7dYpxjMJCXrtifGVSC,2024-04-21 08:37:00-04:00,9.0,1713703020,3674.445985823272,4122.422741900961,STEP BRO,BRO,,91532.83710322356,https://birdeye.so/token/FE6yx22fTkrYP4k3CJvAw5hhbc7dYpxjMJCXrtifGVSC
D8aTy89t93B5HVkMFxUhXkoanNWou3tAbm75U55HeYy1,2024-04-21 08:55:34-04:00,9.0,1713704134,3040.451257288443,2347.536288677312,Budd Lightyear,BLIGHTY,,91213.58790496497,https://birdeye.so/token/D8aTy89t93B5HVkMFxUhXkoanNWou3tAbm75U55HeYy1
4tYLw4tTcZbR3tscoFLkZ7YjBgikpQsjZLe1gdeCJ3eH,2024-04-21 09:02:13-04:00,9.0,1713704533,6967.958415669862,7827.825013672895,Bork,BORK,,89106.70477197848,https://birdeye.so/token/4tYLw4tTcZbR3tscoFLkZ7YjBgikpQsjZLe1gdeCJ3eH
2esi3kMyZXwiisu751gZqMZGKK6V16TLB4PPyAuAm1Ex,2024-04-21 09:02:09-04:00,7.0,1713704529,2241.7386921681946,3469.6951539148868,POP SMEK,POPSMEK,,87033.8190798207,https://birdeye.so/token/2esi3kMyZXwiisu751gZqMZGKK6V16TLB4PPyAuAm1Ex
7gK78WG7YC9sZSfPFxKJQNpL1ZPAaujybUvSnYSnCwP3,2024-04-21 08:59:20-04:00,6.0,1713704360,2688.4712084720254,2328.3184558490807,dawk lawd,dawkl,,83621.46549578663,https://birdeye.so/token/7gK78WG7YC9sZSfPFxKJQNpL1ZPAaujybUvSnYSnCwP3
5mqDokGjaHGskLhbF6PLpsGoTPRkahw7tn2QrjrE6pKD,2024-04-21 08:55:48-04:00,6.0,1713704148,12090.274273593124,14637.236799022292,HOCTOR SALAMUNCO,DING,,79673.74919173834,https://birdeye.so/token/5mqDokGjaHGskLhbF6PLpsGoTPRkahw7tn2QrjrE6pKD
sf9b3wQWuSAZRmmxwQzwv1vFCGXe5APdvH6vXoB8NYp,2024-04-21 08:13:01-04:00,9.0,1713701581,2442.964112924817,1387.3693563280965,McWeed,MCWEED,,77388.92296166069,https://birdeye.so/token/sf9b3wQWuSAZRmmxwQzwv1vFCGXe5APdvH6vXoB8NYp
B4tivgu3swoEoXiboMcxwea6mFPNYV7XLs17vTyEknjx,2024-04-21 08:26:00-04:00,9.0,1713702360,2745.5149475954113,1780.4199200523954,gegagedigedagedago,NUG,,77356.38719535474,https://birdeye.so/token/B4tivgu3swoEoXiboMcxwea6mFPNYV7XLs17vTyEknjx
BgCfFnhEsXnYaC7JZ15Bn4UySAQD864fGWAimN8hn3LB,2024-04-21 08:39:45-04:00,9.0,1713703185,2422.51695822299,1334.1839168123772,Hashsquatch,HASHISH,,76572.94490646452,https://birdeye.so/token/BgCfFnhEsXnYaC7JZ15Bn4UySAQD864fGWAimN8hn3LB
BPwDGfqw5heXU4Jj9XML5NFG7E86u8gRPET4Kh8aypfR,2024-04-21 08:13:40-04:00,6.0,1713701620,5176.2187370513475,2719.1985125288024,JJ,JJ,,74458.52334591586,https://birdeye.so/token/BPwDGfqw5heXU4Jj9XML5NFG7E86u8gRPET4Kh8aypfR
EUaJ1cMr1vCGdYjogxFd3NmEvHa77zYKQYznQDePKwYp,2024-04-21 08:58:58-04:00,9.0,1713704338,6317.393968672065,8757.164274686213,Worlds Of Memes,WOME,,71927.83715456253,https://birdeye.so/token/EUaJ1cMr1vCGdYjogxFd3NmEvHa77zYKQYznQDePKwYp
3Qg33KNUnvuQVXWF1HyR8MbNhKN4sDDvnZDVRc4fwNs9,2024-04-21 08:45:46-04:00,9.0,1713703546,3141.106748781306,3270.0287481363353,SafeCum,SAFECUM,,71523.37361035385,https://birdeye.so/token/3Qg33KNUnvuQVXWF1HyR8MbNhKN4sDDvnZDVRc4fwNs9
BmeHbcU61pFNmxrAFbG29sPBmPrM4B38QXJPgFgpTVKe,2024-04-21 08:59:01-04:00,9.0,1713704341,2425.0765897699102,1687.4831245140722,JAMAICAT,JCAT,,71456.31701446066,https://birdeye.so/token/BmeHbcU61pFNmxrAFbG29sPBmPrM4B38QXJPgFgpTVKe
7moh45NukhaHUWSARHp39yuoGepLtM8wPDWWPd4xZGsN,2024-04-21 08:52:54-04:00,6.0,1713703974,2168.3173997220456,1559.5157382470445,Happy Ending,Â§ß‰øùÂÅ•,,70877.16965510725,https://birdeye.so/token/7moh45NukhaHUWSARHp39yuoGepLtM8wPDWWPd4xZGsN
CexPS9NRAD4U3hAxLQh6sof5WXtUj8fdf1GU26uZAwiL,2024-04-21 08:55:48-04:00,6.0,1713704148,2206.796289666825,1558.6239999454451,Doge420wifZaza,ZAZA,,70840.06738412756,https://birdeye.so/token/CexPS9NRAD4U3hAxLQh6sof5WXtUj8fdf1GU26uZAwiL
6oWNxSy3wmnMnaL4VKUFvJYwMMTBE2LM9PFo8zqfuzhN,2024-04-21 08:58:34-04:00,9.0,1713704314,2486.351582446589,1499.5088174585794,GRANDDADDY,PURPLE,,70446.14978825962,https://birdeye.so/token/6oWNxSy3wmnMnaL4VKUFvJYwMMTBE2LM9PFo8zqfuzhN
C4rokPiMP4owUoGDGLugNdWbNXdaH8nqf6tru4mbyCKm,2024-04-21 08:59:30-04:00,9.0,1713704370,4542.749949707033,3947.763209366859,KOSHER Certified Token,KOSHER,,69477.70111073027,https://birdeye.so/token/C4rokPiMP4owUoGDGLugNdWbNXdaH8nqf6tru4mbyCKm
8M2ViPiDNJKSRtjxVjEknhtEJuz3ZF1wQWtgu2LqGCSm,2024-04-21 08:24:44-04:00,9.0,1713702284,2428.794381666412,1376.3553335822833,·ó∞·ñá·îï ·ó™O·ñáK,MRSDORK,,68701.96818992146,https://birdeye.so/token/8M2ViPiDNJKSRtjxVjEknhtEJuz3ZF1wQWtgu2LqGCSm
GuTNcCUMr4Ybi2a6eaLV9taZK2oR8oGJQ1QQbDrGiBXW,2024-04-21 08:58:07-04:00,9.0,1713704287,4598.079161125759,3887.716169448992,Shakedown Street On Solana,SHKDN,,65580.92318052941,https://birdeye.so/token/GuTNcCUMr4Ybi2a6eaLV9taZK2oR8oGJQ1QQbDrGiBXW
GA6WTrxPTS1dxuuvgibytpYCMsAzG4naekz5jkiVxsHA,2024-04-21 09:02:16-04:00,2.0,1713704536,59351.53697419823,24.809971784653744,‚öî SWORD OF CAT,‚öîSWAT,,61910.514931840495,https://birdeye.so/token/GA6WTrxPTS1dxuuvgibytpYCMsAzG4naekz5jkiVxsHA
9RduNKsUDiXV2HnGA7FjAHeVrh8wERjY7S9hNaa1pvLr,2024-04-21 08:17:01-04:00,9.0,1713701821,2250.8546632548178,1313.6722609785957,Catnabis,CATNIP,,52995.389939502566,https://birdeye.so/token/9RduNKsUDiXV2HnGA7FjAHeVrh8wERjY7S9hNaa1pvLr
5fLmQ43JKE9moNLfpH7RwbZLXP2tppABaaYJdTzcbkhu,2024-04-21 09:02:14-04:00,6.0,1713704534,2160.846220760149,2811.2294704917035,APE420,APE,,50266.62872452053,https://birdeye.so/token/5fLmQ43JKE9moNLfpH7RwbZLXP2tppABaaYJdTzcbkhu
66CTW6rSaTKbn6J3jJ4adspeFbGoZBw1ZfLmqjFF3UBC,2024-04-21 08:58:32-04:00,9.0,1713704312,6668.948819377561,8101.927981432361,WUNNY,WUNNY,,46567.378447697,https://birdeye.so/token/66CTW6rSaTKbn6J3jJ4adspeFbGoZBw1ZfLmqjFF3UBC
bthPUBka7DhmWyVUsE6VfUzaq9Fc1DYAgDZ14UUawyH,2024-04-21 09:00:13-04:00,9.0,1713704413,6732.077528587463,7054.969604279092,Book of Rage,BORA,,46222.14156805604,https://birdeye.so/token/bthPUBka7DhmWyVUsE6VfUzaq9Fc1DYAgDZ14UUawyH
8iGScvYkacn66rgGHsDRxPByYAFayHeGApm3oJk5miZ8,2024-04-21 09:02:12-04:00,9.0,1713704532,3651.934405045034,3337.2063073662057,KONG420,K420,,44139.43950582471,https://birdeye.so/token/8iGScvYkacn66rgGHsDRxPByYAFayHeGApm3oJk5miZ8
9no8L7vdKXQDBvG2dwqZBvJ9di5V6b71CSoZwSa6VEsU,2024-04-21 08:32:51-04:00,6.0,1713702771,4932.896388144894,2577.5710263355404,Mary Jane,Marijuana,,43847.8535065966,https://birdeye.so/token/9no8L7vdKXQDBvG2dwqZBvJ9di5V6b71CSoZwSa6VEsU
7izfaeDo2axG4bWd6N5Nh9fuwfQbh4ieZLBW6CsDVTBy,2024-04-21 09:01:02-04:00,9.0,1713704462,2477.590451188744,2799.2917903150137,Baked Cat,BAKED,,43843.48927713756,https://birdeye.so/token/7izfaeDo2axG4bWd6N5Nh9fuwfQbh4ieZLBW6CsDVTBy
4YtkAvjuawWYwEnLtAwknLGHrRe1qEA4e5WfdjGREBqx,2024-04-21 08:38:44-04:00,9.0,1713703124,2474.677710478294,2063.4328198492367,HARAM Certified Token,HARAM,,42718.030508239965,https://birdeye.so/token/4YtkAvjuawWYwEnLtAwknLGHrRe1qEA4e5WfdjGREBqx
3CLgf717oZDcZkvU5swx4kaLTqD8XtUEAWMsTELXPW4t,2024-04-21 08:38:49-04:00,6.0,1713703129,5158.003221681272,2726.9032889400683,The High Cat,THC,,42311.42437007437,https://birdeye.so/token/3CLgf717oZDcZkvU5swx4kaLTqD8XtUEAWMsTELXPW4t
G3Pgs3yjQQxZQGSpJTRcxajRJPxjwHfF4cqdj3PXNWVK,2024-04-21 08:56:25-04:00,6.0,1713704185,3155.9159042847905,6063.157055390471,monkewifflag,MWIFF,,38323.289417512504,https://birdeye.so/token/G3Pgs3yjQQxZQGSpJTRcxajRJPxjwHfF4cqdj3PXNWVK
Hr53zmdjFJrKtyKkCrmg83qT4eTmz2336VH6CPdV4d4g,2024-04-21 08:47:14-04:00,9.0,1713703634,4031.376196549826,3775.156522365368,MoneyBagJoe,MBJ,,37340.171341691355,https://birdeye.so/token/Hr53zmdjFJrKtyKkCrmg83qT4eTmz2336VH6CPdV4d4g
5VFg32fAVcCKo5jpFpziLWhmAZ7AXeVfUAuHWjfvpwGA,2024-04-21 08:33:54-04:00,9.0,1713702834,5159.1560107244295,4925.237236453188,Bandi,BNDI,,36648.27057862993,https://birdeye.so/token/5VFg32fAVcCKo5jpFpziLWhmAZ7AXeVfUAuHWjfvpwGA
EaMqyRAvQtVi1jxzmeYJfUTyqw6xLa6HYjkBJvUmsNEr,2024-04-21 08:44:37-04:00,9.0,1713703477,2819.095970623985,1992.7825475143616,CBD Rings,CBD,,36359.176766647346,https://birdeye.so/token/EaMqyRAvQtVi1jxzmeYJfUTyqw6xLa6HYjkBJvUmsNEr
8zVJpz9e3ESB7N6zjWNYh8XNB222eGTMUULVKpoXQvxR,2024-04-21 08:50:58-04:00,9.0,1713703858,4247.046019379941,8213.983208084863,DUBAI,DUBAI,,36295.9101220717,https://birdeye.so/token/8zVJpz9e3ESB7N6zjWNYh8XNB222eGTMUULVKpoXQvxR
5FKbLktpuegEs3ZonV1qqMKQTSPAhEzCRZ7E9A7pfrtQ,2024-04-21 08:45:44-04:00,9.0,1713703544,3134.817944192476,5697.8355873726105,CatsApp,$CATAPP,,33673.58381277151,https://birdeye.so/token/5FKbLktpuegEs3ZonV1qqMKQTSPAhEzCRZ7E9A7pfrtQ
5nP4khK86c6ikwFvyc9KfjGbC1YaCbtm61qwVnwm4pR3,2024-04-21 09:00:20-04:00,6.0,1713704420,5246.367916891335,6404.008386987106,snep da duog,SNEP,,30818.255485709968,https://birdeye.so/token/5nP4khK86c6ikwFvyc9KfjGbC1YaCbtm61qwVnwm4pR3
HUTLRjc1wwcJooR4DiodqXd3uoAnvWbijXwh7AyxB37V,2024-04-21 08:57:47-04:00,6.0,1713704267,4247.31492650764,4660.453327300529,ADULT HUTLER,HUTLR,,29669.891893767566,https://birdeye.so/token/HUTLRjc1wwcJooR4DiodqXd3uoAnvWbijXwh7AyxB37V
BcGjTTJtSE8VLbwqW6SFDfZHfcfxdpXKUZyGR33UfPTB,2024-04-21 09:01:13-04:00,9.0,1713704473,3127.4995156760488,1880.0301407440425,Quackcoin,QUACK,,28299.498046643683,https://birdeye.so/token/BcGjTTJtSE8VLbwqW6SFDfZHfcfxdpXKUZyGR33UfPTB
6DyABHzbp5LD9p9Hj88V4tWm9yVAd1q9QJDZCBoQfBJv,2024-04-21 08:59:53-04:00,8.0,1713704393,3342.056451590586,5253.696885474985,As$Ton KuRtZEr,A$$,,27349.76468892984,https://birdeye.so/token/6DyABHzbp5LD9p9Hj88V4tWm9yVAd1q9QJDZCBoQfBJv
HMaLDzwLjfAMXpKFNHr9oD17stegGcaytV7Sc5LemkSk,2024-04-21 09:01:26-04:00,9.0,1713704486,2572.3923990203302,3617.061447848267,Sem Benkmen Fraud,ftx420,,27077.95778963437,https://birdeye.so/token/HMaLDzwLjfAMXpKFNHr9oD17stegGcaytV7Sc5LemkSk
CPAe5wow2v7rc1QhkgEq44n8A6BbRgkJ3hYMdQdkXH3,2024-04-21 08:56:28-04:00,9.0,1713704188,4074.287294944292,2672.089602564102,Kanye EAST,KEAST,,26942.851231481683,https://birdeye.so/token/CPAe5wow2v7rc1QhkgEq44n8A6BbRgkJ3hYMdQdkXH3
3Y2Qwdmj1RkSFyue3BS9ScXCqak8T3KxYQh67fzcc4D7,2024-04-21 08:40:50-04:00,9.0,1713703250,4011.994087525261,3456.5782238880074,Token 420,420T,,26579.87699023136,https://birdeye.so/token/3Y2Qwdmj1RkSFyue3BS9ScXCqak8T3KxYQh67fzcc4D7
Cgk6EdmCzDvLf7oz9WUEwgXixw7swq7LoHAeQvVHYwy1,2024-04-21 08:18:44-04:00,9.0,1713701924,2797.5776496205717,2275.71925013989,SHIPPO,SHIPPO,,26467.542952152748,https://birdeye.so/token/Cgk6EdmCzDvLf7oz9WUEwgXixw7swq7LoHAeQvVHYwy1
GTXntntMwcGb62UG9oP1oEZD6knyWZQWk895TGK2JEh2,2024-04-21 08:57:52-04:00,8.0,1713704272,3068.1789984694333,2215.2197033427387,Cat in sour cat,SOURCAT,,26026.451532941777,https://birdeye.so/token/GTXntntMwcGb62UG9oP1oEZD6knyWZQWk895TGK2JEh2
Gi8TaS9jNNcQ1PfNPszrvfrFUszekecDc7y6H8dDbqB9,2024-04-21 08:31:42-04:00,6.0,1713702702,2238.1703554227747,1398.1876239955402,Bluetooth,BTOOTH,,26024.880961012408,https://birdeye.so/token/Gi8TaS9jNNcQ1PfNPszrvfrFUszekecDc7y6H8dDbqB9
4VPz4wVTNHPUB8A5zbyRnmFb7EDUdAJruRzH5cgmZVKe,2024-04-21 08:57:00-04:00,9.0,1713704220,4812.030799770595,5404.714046929998,BULLET,BULLET,,24106.2118803591,https://birdeye.so/token/4VPz4wVTNHPUB8A5zbyRnmFb7EDUdAJruRzH5cgmZVKe
FWAmFdh8V1gQ7BS8gXHygqtZdAf5NVsBcq19jWBn4ePz,2024-04-21 08:14:49-04:00,6.0,1713701689,2209.1099799130325,2037.180649969161,horry puttor,PUTTOR,,22976.344510866584,https://birdeye.so/token/FWAmFdh8V1gQ7BS8gXHygqtZdAf5NVsBcq19jWBn4ePz
66dnuPTyWTVVJNWWh9ZYd9QXURMHS6dWfKY17QhNZDsu,2024-04-21 08:59:53-04:00,6.0,1713704393,4970.682837988148,5518.1852795401755,The Budz,BUDZ,,21118.672137438476,https://birdeye.so/token/66dnuPTyWTVVJNWWh9ZYd9QXURMHS6dWfKY17QhNZDsu
7vjhFfTCmdztKeswYXFw3WcAyFhFy1ZKFoDC3VUVRzsy,2024-04-21 08:43:41-04:00,9.0,1713703421,3692.3155815880305,2708.2501061756193,MAGASHOT,MAGA,,19085.81839946707,https://birdeye.so/token/7vjhFfTCmdztKeswYXFw3WcAyFhFy1ZKFoDC3VUVRzsy
3SbDt7zYzzhRb1sA4iJpUUZRBo3RHV4aMeFuEAQDp9oF,2024-04-21 08:56:25-04:00,9.0,1713704185,5230.172343701804,6321.830064915436,BarkBuks,BARK,,18663.512552605254,https://birdeye.so/token/3SbDt7zYzzhRb1sA4iJpUUZRBo3RHV4aMeFuEAQDp9oF
AqszaKCCCdrXeMZdRmLVhswJpQnFwP78MR4NtLAh5T16,2024-04-21 08:59:53-04:00,9.0,1713704393,7261.151163446006,8983.20635023506,TRUMPTIME,DONvsJOE,,15811.155652320587,https://birdeye.so/token/AqszaKCCCdrXeMZdRmLVhswJpQnFwP78MR4NtLAh5T16
5JPWDuEus2cofmJdevAPsaHHxajELcZTapGFehpFSnND,2024-04-21 09:00:11-04:00,9.0,1713704411,5229.4210800577,3781.700981254589,VOYAGERZ,VOY,,15337.887075371307,https://birdeye.so/token/5JPWDuEus2cofmJdevAPsaHHxajELcZTapGFehpFSnND
5CCCuZ5EbMv2FpA7ur2nqd5RU3jowVVstwHGxJvc6KLK,2024-04-21 09:01:04-04:00,9.0,1713704464,2631.7753823286052,4746.9883623290225,DogWifTruckNuts,TRUCKNUTS,,13099.763596803983,https://birdeye.so/token/5CCCuZ5EbMv2FpA7ur2nqd5RU3jowVVstwHGxJvc6KLK
7cLrAzi1yjd5UtfY2k8J1ddEQGUdC1ZHaxW7qcUGZYjn,2024-04-21 08:55:09-04:00,9.0,1713704109,2845.3299457532753,2292.343538600222,DUCKDUCK,DKDK,,12206.202325454944,https://birdeye.so/token/7cLrAzi1yjd5UtfY2k8J1ddEQGUdC1ZHaxW7qcUGZYjn
3yFtuxbY7mierUu6sHTNJa1FLhdB8FdivrZCS5BNSKz1,2024-04-21 08:26:10-04:00,6.0,1713702370,3010.405783148251,11922.8061150198,DragonBallC,DBC,,11679.101402672692,https://birdeye.so/token/3yFtuxbY7mierUu6sHTNJa1FLhdB8FdivrZCS5BNSKz1
9NvCToGgKYvuD8ajaUBiMWVn2MC4dexXCbNijvVBrDwm,2024-04-21 08:35:23-04:00,9.0,1713702923,2113.5682828548793,7437.466539060769,Pyongyang Chads,$FKIM,,11286.208902763216,https://birdeye.so/token/9NvCToGgKYvuD8ajaUBiMWVn2MC4dexXCbNijvVBrDwm
bqFBpw4TAwF1UZdKCdYEkY82qWVEpMMCH1PvKNpem91,2024-04-21 08:29:50-04:00,9.0,1713702590,2762.3258012913284,3622.9149741019232,Elon Tweets,ETWEET,,9656.372370599753,https://birdeye.so/token/bqFBpw4TAwF1UZdKCdYEkY82qWVEpMMCH1PvKNpem91
Dd2jW9XWcrJFJ3d5zwtm4mYH5Ei1w5aTDp7PrPi1of2z,2024-04-21 08:56:40-04:00,9.0,1713704200,3624.4094423877286,3226.0424948497052,Dancing Dog Coin,DancingD,,8659.618592940778,https://birdeye.so/token/Dd2jW9XWcrJFJ3d5zwtm4mYH5Ei1w5aTDp7PrPi1of2z
D7g3Z2WCNj6V5jeW1Dmw8dGBFyMqtetJWdwhbJQnyJyC,2024-04-21 09:02:15-04:00,9.0,1713704535,2100.60378826695,1709.3319985471348,PEPE WEED $420,PEWEED,,4434.191254994161,https://birdeye.so/token/D7g3Z2WCNj6V5jeW1Dmw8dGBFyMqtetJWdwhbJQnyJyC
7hDjdP9YXiJNTAwbc2DZBaonaKEbDs6vEKaUjW3uUuV9,2024-04-21 09:02:15-04:00,9.0,1713704535,2702.0560734901856,140.09338522718676,Cat Cash,CATC,,4305.103416078473,https://birdeye.so/token/7hDjdP9YXiJNTAwbc2DZBaonaKEbDs6vEKaUjW3uUuV9
4fShvhZ23moC39ybGD2KUbdwwEPBnr5nL6YqKqQRUsam,2024-04-21 08:46:48-04:00,6.0,1713703608,11815.768733938516,16975.937498519175,PIGGYBONKI,PIGGYBONKI,,3077.249256435786,https://birdeye.so/token/4fShvhZ23moC39ybGD2KUbdwwEPBnr5nL6YqKqQRUsam
4aBAQnhQZt4ikJ2CZBsN8hobAr9AVt739ga988MsbjsX,2024-04-21 09:02:16-04:00,9.0,1713704536,3604.877115267456,7660.677241586548,CofffeePEPE,cPEPE,,2163.6417717519803,https://birdeye.so/token/4aBAQnhQZt4ikJ2CZBsN8hobAr9AVt739ga988MsbjsX
